Institution Name (RSSD ID),Location,12/31/2013 Total Assets
JPMORGAN CHASE & CO. (1039502),"NEW YORK, NY",2415689000
BANK OF AMERICA CORPORATION (1073757),"CHARLOTTE, NC",2104995000
CITIGROUP INC. (1951350),"NEW YORK, NY",1880035000
WELLS FARGO & COMPANY (1120754),"SAN FRANCISCO, CA",1527015000
"GOLDMAN SACHS GROUP, INC., THE (2380443)","NEW YORK, NY",911595000
MORGAN STANLEY (2162966),"NEW YORK, NY",832666000
"AMERICAN INTERNATIONAL GROUP, INC. (1562176)","NEW YORK, NY",541329000
GENERAL ELECTRIC CAPITAL CORPORATION (1631915),"NORWALK, CT",524005141
"BANK OF NEW YORK MELLON CORPORATION, THE (3587146)","NEW YORK, NY",374310000
U.S. BANCORP (1119794),"MINNEAPOLIS, MN",364021000
"PNC FINANCIAL SERVICES GROUP, INC., THE (1069778)","PITTSBURGH, PA",320596232
CAPITAL ONE FINANCIAL CORPORATION (2277860),"MCLEAN, VA",297282098
HSBC NORTH AMERICA HOLDINGS INC. (3232316),"NEW YORK, NY",290013881
TEACHERS INSURANCE & ANNUITY ASSOCIATION OF AMERICA (1607170),"NEW YORK, NY",250494214
STATE STREET CORPORATION (1111435),"BOSTON, MA",243028090
TD BANK US HOLDING COMPANY (1249196),"CHERRY HILL, NJ",234621843
BB&T; CORPORATION (1074156),"WINSTON SALEM, NC",183009992
"SUNTRUST BANKS, INC. (1131787)","ATLANTA, GA",175380779
AMERICAN EXPRESS COMPANY (1275216),"NEW YORK, NY",153387000
ALLY FINANCIAL INC. (1562859),"DETROIT, MI",151167000
"CHARLES SCHWAB CORPORATION, THE (1026632)","SAN FRANCISCO, CA",143642000
FIFTH THIRD BANCORP (1070345),"CINCINNATI, OH",129685180
STATE FARM MUTUAL AUTOMOBILE INSURANCE COMPANY (3840207),"BLOOMINGTON, IL",129337906
UNITED SERVICES AUTOMOBILE ASSOCIATION (1447376),"SAN ANTONIO, TX",122342355
"RBS CITIZENS FINANCIAL GROUP, INC. (1132449)","PROVIDENCE, RI",122257732
REGIONS FINANCIAL CORPORATION (3242838),"BIRMINGHAM, AL",117661732
BMO FINANCIAL CORP. (1245415),"WILMINGTON, DE",111073727
UNIONBANCAL CORPORATION (1378434),"SAN FRANCISCO, CA",105900020
NORTHERN TRUST CORPORATION (1199611),"CHICAGO, IL",102947333
KEYCORP (1068025),"CLEVELAND, OH",92991716
M&T; BANK CORPORATION (1037003),"BUFFALO, NY",85162391
BANCWEST CORPORATION (1025608),"HONOLULU, HI",83527474
DISCOVER FINANCIAL SERVICES (3846375),"RIVERWOODS, IL",79339664
"SANTANDER HOLDINGS USA, INC. (3981856)","BOSTON, MA",77144021
"BBVA COMPASS BANCSHARES, INC. (1078529)","HOUSTON, TX",71965476
DEUTSCHE BANK TRUST CORPORATION (1032473),"NEW YORK, NY",66926000
COMERICA INCORPORATED (1199844),"DALLAS, TX",65356580
HUNTINGTON BANCSHARES INCORPORATED (1068191),"COLUMBUS, OH",59476344
ZIONS BANCORPORATION (1027004),"SALT LAKE CITY, UT",56031127
CIT GROUP INC. (1036967),"LIVINGSTON, NJ",47138960
"NEW YORK COMMUNITY BANCORP, INC. (2132932)","WESTBURY, NY",46688287
E*TRADE FINANCIAL CORPORATION (3412583),"NEW YORK, NY",46279856
"UTRECHT-AMERICA HOLDINGS, INC. (2307280)","NEW YORK, NY",46112745
"HUDSON CITY BANCORP, INC. (2367556)","PARAMUS, NJ",38607354
"FIRST NIAGARA FINANCIAL GROUP, INC. (2648693)","BUFFALO, NY",37643867
"POPULAR, INC. (1129382)","SAN JUAN, PR",35749000
"PEOPLE'S UNITED FINANCIAL, INC. (3650152)","BRIDGEPORT, CT",33204410
NATIONWIDE MUTUAL INSURANCE COMPANY (3828072),"COLUMBUS, OH",32675758
MUTUAL OF OMAHA INSURANCE COMPANY (1583836),"OMAHA, NE",32233999
JOHN DEERE CAPITAL CORPORATION (3843075),"RENO, NV",31676590
CITY NATIONAL CORPORATION (1027518),"LOS ANGELES, CA",29717951
BOK FINANCIAL CORPORATION (1883693),"TULSA, OK",27021529
SVB FINANCIAL GROUP (1031449),"SANTA CLARA, CA",26417306
SYNOVUS FINANCIAL CORP. (1078846),"COLUMBUS, GA",26201604
"SCOTTRADE FINANCIAL SERVICES, INC. (3242735)","TOWN AND COUNTRY, MO",25617367
"EAST WEST BANCORP, INC. (2734233)","PASADENA, CA",24730609
"CULLEN/FROST BANKERS, INC. (1102367)","SAN ANTONIO, TX",24388272
ASSOCIATED BANC-CORP (1199563),"GREEN BAY, WI",24226920
FIRSTMERIT CORPORATION (1070804),"AKRON, OH",23912451
FIRST HORIZON NATIONAL CORPORATION (1094640),"MEMPHIS, TN",23791187
IMB HOLDCO LLC (3923614),"PASADENA, CA",23498336
"COMMERCE BANCSHARES, INC. (1049341)","KANSAS CITY, MO",23081892
"MACY'S, INC. (4103310)","CINCINNATI, OH",22445600
"RAYMOND JAMES FINANCIAL, INC. (3815157)","SAINT PETERSBURG, FL",21924495
"FIRST CITIZENS BANCSHARES, INC. (1075612)","RALEIGH, NC",21199091
WEBSTER FINANCIAL CORPORATION (1145476),"WATERBURY, CT",20856659
BARCLAYS DELAWARE HOLDINGS LLC (2938451),"WILMINGTON, DE",19056120
HANCOCK HOLDING COMPANY (1086533),"GULFPORT, MS",19025806
"PROSPERITY BANCSHARES, INC. (1109599)","HOUSTON, TX",18651693
"SUSQUEHANNA BANCSHARES, INC. (1117156)","LITITZ, PA",18473488
TCF FINANCIAL CORPORATION (2389941),"WAYZATA, MN",18402494
WINTRUST FINANCIAL CORPORATION (2260406),"ROSEMONT, IL",18097783
EVERBANK FINANCIAL CORP (3838857),"JACKSONVILLE, FL",17640984
UMB FINANCIAL CORPORATION (1049828),"KANSAS CITY, MO",16911852
FULTON FINANCIAL CORPORATION (1117129),"LANCASTER, PA",16908633
"FIRST NATIONAL OF NEBRASKA, INC. (1020902)","OMAHA, NE",16271487
VALLEY NATIONAL BANCORP (1048773),"WAYNE, NJ",16156541
ASTORIA FINANCIAL CORPORATION (2504128),"LAKE SUCCESS, NY",15793722
"FRANKLIN RESOURCES, INC. (1246216)","SAN MATEO, CA",15793167
"INVESTORS BANCORP, MHC (2477754)","SHORT HILLS, NJ",15605073
"BANKUNITED, INC. (4028712)","MIAMI LAKES, FL",15046649
"WASHINGTON FEDERAL, INC. (3065617)","SEATTLE, WA",14404373
BANK OF HAWAII CORPORATION (1025309),"HONOLULU, HI",14127598
"ARVEST BANK GROUP, INC. (1095674)","BENTONVILLE, AR",14113477
"PRIVATEBANCORP, INC. (1839319)","CHICAGO, IL",14085746
F.N.B. CORPORATION (3005332),"HERMITAGE, PA",13563405
MODERN WOODMEN OF AMERICA (3057395),"ROCK ISLAND, IL",13398445
FIRSTBANK HOLDING COMPANY (1060627),"LAKEWOOD, CO",13384848
IBERIABANK CORPORATION (2291914),"LAFAYETTE, LA",13365550
"BANCORPSOUTH, INC. (1097614)","TUPELO, MS",13045442
FIRST BANCORP (2744894),"SAN JUAN, PR",12656925
INTERNATIONAL BANCSHARES CORPORATION (1104231),"LAREDO, TX",12079477
TRUSTMARK CORPORATION (1079562),"JACKSON, MS",11790383
"TEXAS CAPITAL BANCSHARES, INC. (2706735)","DALLAS, TX",11714698
"APPLE FINANCIAL HOLDINGS, INC. (3446412)","NEW YORK, NY",11647170
UMPQUA HOLDINGS CORPORATION (2747644),"PORTLAND, OR",11641151
"THIRD FEDERAL SAVINGS AND LOAN OF CLEVELAND, MHC (3828036)","CLEVELAND, OH",11381407
CATHAY GENERAL BANCORP (1843080),"LOS ANGELES, CA",10989286
"HAWAIIAN ELECTRIC INDUSTRIES, INC. (3842957)","HONOLULU, HI",10340044
STERLING FINANCIAL CORPORATION (3152245),"SPOKANE, WA",10327642
COUNTRY LIFE INSURANCE COMPANY (3825204),"BLOOMINGTON, IL",10262625
