Institution Name (RSSD ID),Location,12/31/2012 Total Assets
JPMORGAN CHASE & CO. (1039502),"NEW YORK, NY",2359141000
BANK OF AMERICA CORPORATION (1073757),"CHARLOTTE, NC",2212004452
CITIGROUP INC. (1951350),"NEW YORK, NY",1864660000
WELLS FARGO & COMPANY (1120754),"SAN FRANCISCO, CA",1422968000
"GOLDMAN SACHS GROUP, INC., THE (2380443)","NEW YORK, NY",938770000
MORGAN STANLEY (2162966),"NEW YORK, NY",780960000
GENERAL ELECTRIC CAPITAL CORPORATION (1631915),"NORWALK, CT",548771829
"BANK OF NEW YORK MELLON CORPORATION, THE (3587146)","NEW YORK, NY",359301000
U.S. BANCORP (1119794),"MINNEAPOLIS, MN",353855000
HSBC NORTH AMERICA HOLDINGS INC. (3232316),"NEW YORK, NY",313680754
CAPITAL ONE FINANCIAL CORPORATION (2277860),"MCLEAN, VA",313040688
"PNC FINANCIAL SERVICES GROUP, INC., THE (1069778)","PITTSBURGH, PA",305285879
TEACHERS INSURANCE & ANNUITY ASSOCIATION OF AMERICA (1607170),"NEW YORK, NY",237037712
STATE STREET CORPORATION (1111435),"BOSTON, MA",222229483
TD BANK US HOLDING COMPANY (1249196),"PORTLAND, ME",218916640
BB&T; CORPORATION (1074156),"WINSTON SALEM, NC",183872371
ALLY FINANCIAL INC. (1562859),"DETROIT, MI",182347000
"SUNTRUST BANKS, INC. (1131787)","ATLANTA, GA",173566088
NATIONWIDE MUTUAL INSURANCE COMPANY (3828072),"COLUMBUS, OH",168343642
"PRINCIPAL FINANCIAL GROUP, INC. (3853449)","DES MOINES, IA",161926542
AMERICAN EXPRESS COMPANY (1275216),"NEW YORK, NY",153418000
"CHARLES SCHWAB CORPORATION, THE (1026632)","SAN FRANCISCO, CA",133637000
"RBS CITIZENS FINANCIAL GROUP, INC. (1132449)","PROVIDENCE, RI",127411731
FIFTH THIRD BANCORP (1070345),"CINCINNATI, OH",121500604
REGIONS FINANCIAL CORPORATION (3242838),"BIRMINGHAM, AL",121347388
BMO FINANCIAL CORP. (1245415),"WILMINGTON, DE",116109476
UNITED SERVICES AUTOMOBILE ASSOCIATION (1447376),"SAN ANTONIO, TX",115747377
STATE FARM MUTUAL AUTOMOBILE INSURANCE COMPANY (3840207),"BLOOMINGTON, IL",114933159
NORTHERN TRUST CORPORATION (1199611),"CHICAGO, IL",97463845
UNIONBANCAL CORPORATION (1378434),"SAN FRANCISCO, CA",96992464
KEYCORP (1068025),"CLEVELAND, OH",89425613
"SANTANDER HOLDINGS USA, INC. (3981856)","BOSTON, MA",85790202
M&T; BANK CORPORATION (1037003),"BUFFALO, NY",82985468
BANCWEST CORPORATION (1025608),"HONOLULU, HI",79869488
THRIVENT FINANCIAL FOR LUTHERANS (3173736),"MINNEAPOLIS, MN",77444933
DEUTSCHE BANK TRUST CORPORATION (1032473),"NEW YORK, NY",74148000
DISCOVER FINANCIAL SERVICES (3846375),"RIVERWOODS, IL",73491315
"BBVA USA BANCSHARES, INC. (1078529)","HOUSTON, TX",69105796
COMERICA INCORPORATED (1199844),"DALLAS, TX",65398175
HUNTINGTON BANCSHARES INCORPORATED (1068191),"COLUMBUS, OH",56153185
ZIONS BANCORPORATION (1027004),"SALT LAKE CITY, UT",55511918
"UTRECHT-AMERICA HOLDINGS, INC. (2307280)","NEW YORK, NY",48642000
E*TRADE FINANCIAL CORPORATION (3412583),"NEW YORK, NY",47386739
"NEW YORK COMMUNITY BANCORP, INC. (2132932)","WESTBURY, NY",44149466
CIT GROUP INC. (1036967),"LIVINGSTON, NJ",44012251
"HUDSON CITY BANCORP, INC. (2367556)","PARAMUS, NJ",40596341
"FIRST NIAGARA FINANCIAL GROUP, INC. (2648693)","BUFFALO, NY",36912808
"POPULAR, INC. (1129382)","SAN JUAN, PR",36508000
MUTUAL OF OMAHA INSURANCE COMPANY (1583836),"OMAHA, NE",30993057
"PEOPLE'S UNITED FINANCIAL, INC. (3650152)","BRIDGEPORT, CT",30317936
CITY NATIONAL CORPORATION (1027518),"LOS ANGELES, CA",28618492
BOK FINANCIAL CORPORATION (1883693),"TULSA, OK",28146503
JOHN DEERE CAPITAL CORPORATION (3843075),"RENO, NV",27844699
SYNOVUS FINANCIAL CORP. (1078846),"COLUMBUS, GA",26760012
IMB HOLDCO LLC (3923614),"PASADENA, CA",25938843
FIRST HORIZON NATIONAL CORPORATION (1094640),"MEMPHIS, TN",25521022
"SCOTTRADE FINANCIAL SERVICES, INC. (3242735)","TOWN AND COUNTRY, MO",25125736
ASSOCIATED BANC-CORP (1199563),"GREEN BAY, WI",23487735
"CULLEN/FROST BANKERS, INC. (1102367)","SAN ANTONIO, TX",23205702
SVB FINANCIAL GROUP (1031449),"SANTA CLARA, CA",22766602
"EAST WEST BANCORP, INC. (2734233)","PASADENA, CA",22536282
"RAYMOND JAMES FINANCIAL, INC. (3815157)","SAINT PETERSBURG, FL",22275971
"MACY'S, INC. (4103310)","CINCINNATI, OH",22270036
"COMMERCE BANCSHARES, INC. (1049341)","KANSAS CITY, MO",22176815
"FIRST CITIZENS BANCSHARES, INC. (1075612)","RALEIGH, NC",21283651
W.R. BERKLEY CORPORATION (3065541),"GREENWICH, CT",20155896
WEBSTER FINANCIAL CORPORATION (1145476),"WATERBURY, CT",20152255
HANCOCK HOLDING COMPANY (1086533),"GULFPORT, MS",19523765
BARCLAYS DELAWARE HOLDINGS LLC (2938451),"WILMINGTON, DE",18981340
AMERITAS MUTUAL HOLDING COMPANY (3910641),"LINCOLN, NE",18502196
TCF FINANCIAL CORPORATION (2389941),"WAYZATA, MN",18281032
EVERBANK FINANCIAL CORP (3838857),"JACKSONVILLE, FL",18242878
"SUSQUEHANNA BANCSHARES, INC. (1117156)","LITITZ, PA",18037667
WINTRUST FINANCIAL CORPORATION (2260406),"ROSEMONT, IL",17519613
FULTON FINANCIAL CORPORATION (1117129),"LANCASTER, PA",16509261
ASTORIA FINANCIAL CORPORATION (2504128),"LAKE SUCCESS, NY",16496642
"FIRST NATIONAL OF NEBRASKA, INC. (1020902)","OMAHA, NE",16409360
VALLEY NATIONAL BANCORP (1048773),"WAYNE, NJ",16012646
UMB FINANCIAL CORPORATION (1049828),"KANSAS CITY, MO",14927196
FIRSTMERIT CORPORATION (1070804),"AKRON, OH",14916022
"PROSPERITY BANCSHARES, INC. (1109599)","HOUSTON, TX",14601394
"FRANKLIN RESOURCES, INC. (1246216)","SAN MATEO, CA",14261070
"FLAGSTAR BANCORP, INC. (3852022)","TROY, MI",14082012
"PRIVATEBANCORP, INC. (1839319)","CHICAGO, IL",14057515
BANK OF HAWAII CORPORATION (1025309),"HONOLULU, HI",13789923
"BANCORPSOUTH, INC. (1097614)","TUPELO, MS",13401898
"ARVEST BANK GROUP, INC. (1095674)","BENTONVILLE, AR",13233050
IBERIABANK CORPORATION (2291914),"LAFAYETTE, LA",13129678
"WASHINGTON FEDERAL, INC. (3065617)","SEATTLE, WA",13106842
FIRST BANCORP (2744894),"SAN JUAN, PR",13099741
FIRSTBANK HOLDING COMPANY (1060627),"LAKEWOOD, CO",12874974
"INVESTORS BANCORP, MHC (2477754)","SHORT HILLS, NJ",12765099
MODERN WOODMEN OF AMERICA (3057395),"ROCK ISLAND, IL",12385909
"BANKUNITED, INC. (4028712)","MIAMI LAKES, FL",12375953
F.N.B. CORPORATION (3005332),"HERMITAGE, PA",12023976
INTERNATIONAL BANCSHARES CORPORATION (1104231),"LAREDO, TX",11882673
UMPQUA HOLDINGS CORPORATION (2747644),"PORTLAND, OR",11804699
"THIRD FEDERAL SAVINGS AND LOAN OF CLEVELAND, MHC (3828036)","CLEVELAND, OH",11379590
CATHAY GENERAL BANCORP (1843080),"LOS ANGELES, CA",10694089
"TEXAS CAPITAL BANCSHARES, INC. (2706735)","DALLAS, TX",10540873
"HAWAIIAN ELECTRIC INDUSTRIES, INC. (3842957)","HONOLULU, HI",10149132
